MonthID,RegionID,MainCategoryID,SubCategoryID,ProductID,PriceTierID,Units_Sold,Revenue_USD,Online_Sales_Percentage,Retail_Price
11,4,2,2,11,1,48356,14506800,0.73,300
1,4,2,1,12,1,9842,2066820,0.5,210
10,4,1,11,21,2,25079,1755530,0.9,70
12,3,3,4,23,3,41404,8694840,0.58,210
5,3,2,10,17,3,33569,5371040,0.53,160
10,5,1,8,10,3,39344,5508160,0.73,140
12,5,3,4,23,1,30197,6945310,0.5,230
7,3,1,11,22,2,42814,6422100,0.55,150
4,3,3,4,23,2,16489,2473350,0.78,150
2,2,3,4,23,2,43626,10033980,0.86,230
9,3,2,1,6,2,41006,5330780,0.75,130
6,6,2,10,17,3,41901,12570300,0.63,300
5,1,2,10,9,2,18843,4522320,0.59,240
11,4,2,2,5,1,35160,7032000,0.86,200
12,3,2,10,17,2,33581,6716200,0.73,200
6,1,1,11,21,2,41641,8744610,0.61,210
4,1,1,7,19,3,39934,7986800,0.83,200
3,3,3,6,1,1,48973,8815140,0.81,180
7,4,2,1,6,1,46622,10723060,0.62,230
8,3,3,9,20,1,30262,4539300,0.51,150
3,5,1,7,24,2,10853,2279130,0.74,210
10,1,2,10,9,3,33059,4297670,0.59,130
7,1,1,7,24,2,16670,4834300,0.81,290
8,2,1,11,22,1,44274,7969320,0.82,180
7,3,1,8,10,3,47805,2390250,0.52,50
8,3,3,4,23,2,48747,12186750,0.77,250
7,4,2,2,11,2,8478,423900,0.57,50
3,6,1,7,24,2,42986,9027060,0.53,210
12,1,1,8,10,1,41744,8348800,0.65,200
1,1,1,8,10,1,39919,10378940,0.52,260
9,5,3,3,2,1,46314,10652220,0.55,230
6,6,2,10,17,1,16396,3935040,0.5,240
11,2,1,8,8,1,44734,10736160,0.75,240
9,2,2,1,12,3,33895,8473750,0.74,250
10,5,2,2,5,3,31834,7003480,0.71,220
8,4,1,11,22,3,29827,1491350,0.79,50
4,7,2,2,11,3,48873,10752060,0.8,220
10,7,1,11,22,1,23473,4459870,0.74,190
6,7,2,10,17,3,18279,1096740,0.83,60
9,1,1,7,24,1,33577,8730020,0.56,260
2,6,1,8,8,2,40762,4076200,0.57,100
10,5,3,9,4,1,24432,2687520,0.54,110
8,4,3,5,15,1,10546,2636500,0.55,250
9,7,2,10,9,1,7956,1113840,0.56,140
1,6,1,8,8,3,10277,1233240,0.7,120
9,1,3,9,4,3,26396,6862960,0.5,260
10,1,3,6,3,3,43122,7330740,0.76,170
4,7,3,3,13,3,44636,5802680,0.81,130
12,4,3,5,15,2,48740,5848800,0.83,120
12,3,1,11,21,3,38854,4662480,0.86,120
1,7,1,11,22,2,35377,4952780,0.9,140
3,4,1,7,24,1,23608,6846320,0.69,290
7,3,1,7,24,2,19958,3792020,0.78,190
2,5,3,3,14,2,46508,5580960,0.61,120
11,3,2,1,6,2,42942,6441300,0.6,150
5,2,1,8,8,1,41525,11627000,0.51,280
1,7,3,5,15,1,35468,4610840,0.72,130
11,7,1,11,21,3,10473,2513520,0.65,240
10,6,3,4,23,1,36845,4421400,0.72,120
7,6,3,5,18,1,19956,3791640,0.6,190
4,6,2,1,6,3,28886,6354920,0.54,220
6,5,2,1,6,3,21063,5476380,0.89,260
10,5,1,8,10,3,29308,4396200,0.77,150
9,7,2,2,11,1,27448,3568240,0.51,130
1,6,2,2,5,2,43996,7039360,0.81,160
3,4,1,8,8,1,12796,1663480,0.85,130
7,7,2,2,5,2,20670,3513900,0.89,170
4,5,2,1,6,1,14434,4330200,0.77,300
3,1,3,6,3,3,37917,7204230,0.86,190
4,1,1,11,22,3,31268,2814120,0.61,90
11,3,1,7,19,3,27420,7403400,0.5,270
2,6,2,2,5,1,49926,3494820,0.74,70
11,7,1,8,10,1,38355,4219050,0.74,110
8,6,3,3,13,1,35303,7413630,0.81,210
1,6,3,3,13,1,9847,2067870,0.72,210
6,2,1,11,21,3,21735,3042900,0.77,140
12,1,3,4,23,3,45961,6434540,0.58,140
5,6,1,7,24,2,18692,3364560,0.83,180
10,3,1,7,24,3,46766,9820860,0.6,210
3,5,3,6,7,2,6244,874160,0.86,140
2,4,2,10,17,3,30045,7210800,0.73,240
11,5,3,4,23,1,29193,5838600,0.89,200
1,3,2,2,11,1,17746,2839360,0.78,160
7,5,1,8,10,2,15402,4312560,0.85,280
2,1,2,10,9,2,18455,3321900,0.87,180
2,7,3,5,15,2,24769,6439940,0.52,260
2,6,1,11,22,1,5936,1009120,0.73,170
7,6,2,2,5,1,23385,6781650,0.57,290
4,7,1,8,8,2,46124,5073640,0.76,110
8,6,2,1,12,3,10225,2760750,0.88,270
1,7,2,2,5,1,26666,3199920,0.85,120
10,4,1,7,19,2,42110,3789900,0.78,90
8,2,2,1,6,3,21473,2147300,0.81,100
11,5,2,2,11,3,34384,8939840,0.87,260
10,1,2,1,12,3,43980,9235800,0.52,210
11,1,1,8,10,3,28721,8329090,0.61,290
2,3,3,9,4,2,37079,8528170,0.68,230
4,6,2,1,6,3,45351,7256160,0.75,160
2,4,2,10,9,3,22676,1814080,0.62,80
4,2,1,7,19,1,13858,2217280,0.81,160
1,4,1,7,19,2,40440,11727600,0.7,290
12,4,1,7,19,1,46682,12604140,0.62,270
6,3,3,9,16,3,33156,8289000,0.73,250
1,1,3,5,15,1,40417,5658380,0.73,140
2,6,2,2,11,2,9747,2924100,0.55,300
3,5,1,7,19,3,24860,4723400,0.63,190
9,6,3,9,20,3,16375,1637500,0.71,100
8,5,3,5,15,1,39856,5181280,0.9,130
2,2,2,10,17,2,6899,1172830,0.75,170
10,2,2,10,17,1,49804,12949040,0.77,260
5,3,2,10,17,3,13232,1852480,0.53,140
1,2,2,2,11,1,47604,4284360,0.78,90
7,4,3,9,4,1,12692,2157640,0.56,170
3,3,2,10,9,1,37071,10009170,0.57,270
5,2,3,3,13,3,15114,3476220,0.6,230
2,2,2,1,12,3,34848,8363520,0.76,240
3,3,1,8,10,2,42072,5890080,0.8,140
12,3,2,10,17,3,5713,628430,0.82,110
12,1,2,2,11,2,45569,11392250,0.55,250
7,6,2,2,11,2,30671,8587880,0.5,280
3,1,3,3,14,2,44415,3997350,0.81,90
1,5,1,8,10,2,24773,2229570,0.55,90
5,1,3,9,20,2,26398,3167760,0.68,120
8,4,3,9,20,2,16191,2428650,0.83,150
10,7,2,2,11,1,18808,4325840,0.52,230
5,4,2,1,12,1,11893,2497530,0.71,210
10,7,2,2,5,2,12640,2022400,0.51,160
1,6,3,5,15,2,24233,2665630,0.82,110
1,2,2,1,6,2,42458,5519540,0.81,130
2,1,3,4,23,3,13064,1437040,0.83,110
5,6,2,2,5,3,47626,2381300,0.66,50
6,6,1,11,21,1,39659,3965900,0.7,100
6,3,1,8,10,3,24222,6782160,0.51,280
12,4,3,6,1,2,28038,1401900,0.63,50
10,3,3,3,2,1,11147,2117930,0.56,190
1,2,3,5,15,1,40691,2848370,0.58,70
1,6,3,9,4,1,38622,8496840,0.78,220
9,5,2,10,17,1,41336,9507280,0.66,230
1,7,1,8,10,1,42094,9681620,0.73,230
7,4,3,4,23,2,41898,12150420,0.53,290
3,7,3,4,23,2,5250,577500,0.88,110
2,1,1,7,24,3,43953,9669660,0.81,220
7,4,2,2,5,3,46169,3693520,0.77,80
11,6,3,6,3,3,10605,848400,0.87,80
7,1,1,7,19,2,11907,833490,0.75,70
6,2,1,7,24,2,15114,2267100,0.73,150
6,6,2,2,5,1,11346,2269200,0.64,200
5,1,2,2,11,1,39458,2367480,0.65,60
12,2,3,6,1,2,49565,9417350,0.9,190
9,4,2,2,5,2,31768,2859120,0.58,90
6,1,2,10,17,2,20285,3448450,0.77,170
8,1,1,11,21,3,25560,4345200,0.59,170
1,6,2,1,12,3,19197,959850,0.57,50
11,3,2,1,6,3,42901,9867230,0.85,230
2,6,2,2,11,2,39676,11506040,0.69,290
9,6,3,4,23,3,29252,8190560,0.61,280
6,1,1,7,24,2,40284,8862480,0.56,220
10,6,3,3,14,2,27232,1361600,0.6,50
5,2,2,1,12,3,27370,4105500,0.77,150
12,3,2,1,12,3,44238,3539040,0.54,80
6,1,1,7,24,2,45591,13221390,0.69,290
9,7,2,2,11,2,47338,3313660,0.5,70
12,5,3,3,13,3,27680,8304000,0.68,300
8,6,3,6,1,3,5580,1339200,0.66,240
2,1,2,1,12,3,48811,5369210,0.83,110
11,5,2,1,6,3,30797,5235490,0.65,170
6,6,1,7,24,1,26283,3416790,0.53,130
4,6,1,7,19,3,29724,3566880,0.62,120
4,5,3,3,2,1,44272,5312640,0.54,120
2,5,2,1,6,3,6131,1042270,0.76,170
9,5,3,9,20,1,37824,6808320,0.51,180
7,1,1,8,10,1,16989,5096700,0.83,300
8,3,1,8,10,1,37151,7058690,0.7,190
12,6,1,7,24,1,15325,766250,0.7,50
9,3,2,10,9,1,18610,1488800,0.83,80
4,5,2,1,12,3,20585,4117000,0.55,200
1,3,2,1,6,3,26079,4433430,0.58,170
4,5,1,8,10,2,37618,9028320,0.59,240
12,4,2,10,9,1,13549,2845290,0.87,210
7,7,2,1,12,1,42383,8052770,0.9,190
1,7,3,4,23,3,23146,6712340,0.85,290
5,3,3,4,23,1,8911,891100,0.6,100
2,3,3,6,7,1,46488,13481520,0.65,290
6,3,3,4,23,3,26073,6778980,0.89,260
7,7,3,9,16,3,40904,10226000,0.87,250
1,3,2,2,5,3,10167,2033400,0.69,200
12,3,1,7,19,1,33222,3654420,0.56,110
7,7,3,3,2,1,9495,854550,0.79,90
3,3,3,6,1,1,16995,2549250,0.78,150
5,5,1,8,8,2,14474,3039540,0.71,210
1,5,1,11,21,2,47176,2830560,0.83,60
1,2,2,1,6,2,21835,6550500,0.88,300
10,2,1,7,19,2,12825,1410750,0.78,110
10,3,3,5,15,2,21269,6168010,0.75,290
2,3,3,5,15,1,20301,3654180,0.5,180
8,2,1,7,24,2,19216,1921600,0.54,100
5,2,2,2,11,2,18456,2214720,0.82,120
12,3,3,3,13,3,34245,9931050,0.65,290
11,3,2,10,9,3,30282,3633840,0.7,120
7,3,3,9,4,3,28660,2006200,0.8,70
5,3,1,11,21,1,6123,1775670,0.55,290
11,2,2,1,6,3,35528,5684480,0.68,160
5,4,3,3,14,2,45334,4080060,0.51,90
6,5,1,7,24,1,22636,5885360,0.68,260
11,6,3,6,7,1,11440,2288000,0.88,200
12,4,2,2,5,1,24771,5697330,0.59,230
1,3,1,11,21,3,31290,1564500,0.87,50
9,2,2,2,5,3,30892,1544600,0.65,50
2,1,3,6,3,1,6954,904020,0.74,130
11,2,3,4,23,1,19555,977750,0.9,50
7,4,3,9,4,2,23503,4700600,0.76,200
5,7,3,9,20,2,28850,1731000,0.87,60
1,7,3,5,15,3,32663,5226080,0.79,160
2,1,3,4,23,2,49549,14864700,0.75,300
6,1,2,10,9,3,45139,3159730,0.72,70
2,2,3,5,18,1,31673,2850570,0.74,90
10,3,2,10,9,3,24125,1206250,0.69,50
9,7,3,6,3,3,26971,6203330,0.64,230
5,3,2,1,12,1,42633,5968620,0.52,140
1,7,3,9,16,2,23653,5203660,0.89,220
6,6,1,11,21,1,32581,2280670,0.69,70
1,6,1,8,8,3,44343,7538310,0.75,170
7,1,2,2,5,1,8291,663280,0.66,80
3,4,3,6,3,1,24788,3718200,0.61,150
4,3,2,1,12,1,41062,2874340,0.66,70
11,4,2,1,12,1,48229,13504120,0.62,280
10,5,1,8,8,1,25828,2582800,0.6,100
5,3,3,9,16,3,47580,5709600,0.78,120
12,7,3,9,20,2,48540,10193400,0.63,210
1,3,3,6,3,1,37975,2658250,0.53,70
11,5,3,6,1,1,24267,5338740,0.58,220
9,2,1,8,10,3,40029,2001450,0.71,50
6,5,3,5,15,2,33407,4342910,0.7,130
9,3,2,2,5,3,39670,3967000,0.9,100
7,4,2,1,6,1,8891,2044930,0.82,230
2,7,3,3,2,1,39076,7424440,0.67,190
7,6,3,6,1,2,23339,7001700,0.84,300
8,4,2,1,12,1,18192,5093760,0.74,280
12,5,3,5,18,1,18898,3968580,0.55,210
1,2,1,11,21,1,6063,1455120,0.63,240
9,6,1,11,21,1,23137,3239180,0.54,140
5,7,3,4,23,2,24321,4134570,0.73,170
11,3,2,2,11,1,49992,13997760,0.64,280
6,5,2,1,6,2,40020,4002000,0.77,100
10,6,3,5,15,2,30270,1513500,0.85,50
9,1,1,8,8,1,20663,3719340,0.76,180
12,3,1,11,22,2,46062,9212400,0.75,200
5,4,1,11,22,2,28564,8283560,0.61,290
3,6,3,6,3,1,42786,9840780,0.79,230
12,1,2,1,6,1,23802,1428120,0.67,60
2,5,1,11,22,2,49553,7432950,0.52,150
2,2,2,10,9,1,16158,3070020,0.57,190
11,3,3,9,20,2,49696,12424000,0.68,250
12,7,1,7,24,3,6257,938550,0.53,150
7,3,3,9,4,2,8970,627900,0.69,70
4,3,1,7,19,3,43178,9499160,0.59,220
5,3,3,6,7,1,6327,316350,0.79,50
7,7,3,6,1,3,5233,313980,0.55,60
5,6,2,10,17,3,32171,9007880,0.75,280
2,4,3,5,18,3,20661,2479320,0.76,120
7,6,2,2,11,2,17561,1580490,0.54,90
12,7,3,3,13,2,46991,7988470,0.84,170
10,1,2,1,6,3,44384,2219200,0.73,50
1,2,2,2,11,2,16104,4670160,0.81,290
10,6,2,1,12,2,9054,1810800,0.66,200
10,6,3,5,15,1,30338,2730420,0.67,90
9,5,1,11,22,2,41932,9225040,0.85,220
2,5,1,8,8,1,31387,1883220,0.7,60
5,3,2,10,17,2,41568,4156800,0.8,100
6,5,1,8,10,2,14607,1898910,0.65,130
1,3,3,4,23,3,40801,7752190,0.81,190
10,4,2,1,6,1,6248,1437040,0.86,230
8,2,2,1,12,2,24322,1702540,0.9,70
8,7,1,8,10,1,22754,1592780,0.5,70
1,7,2,1,6,1,26422,6341280,0.75,240
11,4,2,10,9,2,17729,4964120,0.9,280
4,7,3,4,23,3,27108,7590240,0.56,280
4,1,2,10,17,3,10939,2406580,0.89,220
12,5,1,11,22,3,5564,1613560,0.76,290
2,6,2,1,12,2,36239,2899120,0.57,80
2,7,2,1,12,1,12202,3660600,0.84,300
10,5,1,7,19,3,42937,9875510,0.78,230
8,7,2,10,17,1,45014,9903080,0.73,220
8,1,2,2,11,2,22727,4999940,0.7,220
5,7,3,3,14,3,6052,605200,0.57,100
6,6,1,11,21,2,36206,8689440,0.88,240
9,5,2,10,9,1,37822,9455500,0.55,250
1,6,3,9,20,2,21488,3867840,0.75,180
1,3,1,8,10,2,42388,3814920,0.88,90
3,2,1,8,10,2,15005,4051350,0.65,270
6,5,3,5,18,1,26728,6949280,0.83,260
5,2,1,11,21,1,39375,7875000,0.69,200
2,2,2,10,9,2,10259,1949210,0.86,190
10,2,1,7,19,1,43390,5206800,0.73,120
7,7,1,11,22,2,21699,1518930,0.75,70
11,7,1,8,10,2,41529,2491740,0.88,60
1,2,3,3,2,1,48873,4887300,0.85,100
2,5,1,11,22,2,40890,8586900,0.67,210
4,7,2,1,6,3,11069,1549660,0.82,140
4,7,1,8,10,1,14004,1400400,0.64,100
7,5,1,8,8,1,44925,9434250,0.86,210
7,1,3,4,23,2,31559,4102670,0.84,130
10,5,3,6,7,3,30124,4518600,0.64,150
5,7,1,7,19,1,42197,8861370,0.81,210
2,3,2,10,17,2,9846,1969200,0.65,200
7,3,1,11,21,2,48881,6843340,0.54,140
3,6,2,2,5,1,20261,3444370,0.71,170
11,1,2,10,17,1,10147,710290,0.64,70
3,2,1,11,21,2,39623,11886900,0.6,300
12,2,2,1,6,3,27059,6223570,0.76,230
4,2,2,1,12,2,37570,10519600,0.68,280
9,4,1,8,8,3,11727,2110860,0.6,180
4,5,3,6,1,1,27736,4160400,0.73,150
1,4,1,11,21,1,10527,2947560,0.65,280
11,5,1,7,19,3,44606,8475140,0.72,190
3,7,1,11,22,1,21784,2396240,0.54,110
12,5,3,3,14,2,42082,5049840,0.72,120
6,6,2,10,17,2,36864,3317760,0.69,90
6,5,2,10,17,3,19496,3509280,0.83,180
7,4,2,10,9,1,31357,6584970,0.7,210
2,5,1,11,21,1,7242,1375980,0.69,190
5,4,3,3,13,1,30014,6002800,0.74,200
5,1,2,1,12,3,40125,12037500,0.89,300
2,4,1,11,21,2,43169,2590140,0.88,60
7,7,1,8,8,2,35304,5648640,0.86,160
8,1,3,9,20,1,22851,3199140,0.5,140
11,6,2,10,9,3,37209,5953440,0.57,160
7,2,1,7,19,3,44025,4842750,0.83,110
3,4,3,3,13,1,6731,403860,0.85,60
4,5,2,2,11,1,45787,5952310,0.73,130
3,2,1,8,8,3,17179,4638330,0.78,270
6,2,2,2,5,1,28407,1988490,0.71,70
7,5,3,3,14,3,23375,5610000,0.64,240
2,5,3,9,20,3,39495,7504050,0.53,190
6,1,2,1,6,2,11095,1886150,0.55,170
8,3,1,8,10,1,7317,585360,0.87,80
5,3,1,11,21,3,6153,676830,0.7,110
9,6,2,1,12,1,25161,4277370,0.73,170
9,2,1,8,10,3,24247,1212350,0.6,50
7,5,3,6,1,3,32062,4809300,0.52,150
12,3,2,1,6,2,5748,287400,0.77,50
7,1,2,1,12,3,35610,8190300,0.82,230
2,4,1,11,21,3,39308,10613160,0.82,270
3,1,1,8,8,2,14492,724600,0.85,50
9,4,1,8,8,1,22409,2240900,0.88,100
12,2,2,2,5,2,47159,8488620,0.63,180
6,6,3,9,20,1,15441,1389690,0.69,90
10,1,2,10,9,2,22124,4203560,0.66,190
7,7,1,8,10,2,42975,8165250,0.51,190
8,6,1,11,22,2,31132,9339600,0.72,300
8,3,1,8,8,3,33233,1993980,0.79,60
3,5,3,5,18,1,37977,5316780,0.63,140
4,3,2,2,5,3,23761,4276980,0.58,180
1,7,2,1,12,2,33515,7038150,0.79,210
12,5,3,4,23,3,6901,1311190,0.85,190
6,3,2,10,17,3,14683,1321470,0.77,90
6,5,1,8,10,2,46881,9376200,0.61,200
10,3,2,10,9,1,10283,1748110,0.9,170
5,2,1,7,19,3,42546,12338340,0.82,290
4,7,2,1,6,3,34149,9220230,0.66,270
1,4,3,4,23,3,9058,1992760,0.67,220
8,2,1,8,8,3,21220,2970800,0.66,140
5,2,3,6,1,3,18939,4355970,0.78,230
2,1,1,7,19,2,49117,12279250,0.77,250
9,3,3,9,4,2,22363,2236300,0.56,100
10,3,1,11,22,3,36093,3248370,0.8,90
12,2,1,11,22,2,29938,4191320,0.82,140
12,4,3,5,18,1,29603,3552360,0.86,120
1,7,1,11,22,1,5028,1458120,0.61,290
7,6,2,10,9,3,27507,5226330,0.81,190
2,2,3,6,3,1,46945,2347250,0.53,50
12,2,2,1,12,2,32757,3603270,0.73,110
5,3,2,2,11,1,38906,7392140,0.68,190
2,1,2,1,6,2,30682,4909120,0.61,160
5,5,1,7,24,1,15518,4500220,0.9,290
10,2,1,11,21,1,32693,9480970,0.8,290
11,4,1,7,24,3,28203,2538270,0.72,90
6,4,3,4,23,3,22074,1986660,0.87,90
12,7,3,6,1,1,25467,7640100,0.5,300
11,1,2,1,6,3,38234,9176160,0.89,240
12,3,1,8,10,3,32321,1616050,0.6,50
10,5,3,3,14,3,33902,4746280,0.85,140
12,5,1,8,10,1,32475,1948500,0.65,60
6,2,1,7,24,3,8847,707760,0.89,80
9,2,1,8,10,3,19422,1747980,0.67,90
2,3,2,2,11,2,40582,2434920,0.71,60
1,6,2,10,17,3,26112,2350080,0.74,90
2,3,2,10,9,3,19653,5109780,0.62,260
10,3,3,5,18,3,6574,1314800,0.68,200
12,6,1,11,22,1,49440,7910400,0.51,160
8,6,1,8,10,1,27540,4681800,0.57,170
8,2,1,11,21,2,13998,3219540,0.54,230
8,4,2,1,12,1,14433,3896910,0.76,270
10,1,3,6,1,1,14744,4275760,0.54,290
12,4,3,4,23,1,14969,1945970,0.69,130
7,4,3,4,23,3,46453,12542310,0.88,270
11,2,3,6,7,3,11602,3016520,0.72,260
3,7,1,11,21,1,42594,5537220,0.62,130
8,7,1,11,22,3,33352,7003920,0.86,210
11,1,1,8,8,2,41786,9192920,0.55,220
12,4,3,4,23,1,44252,6195280,0.62,140
1,3,1,7,19,2,20117,4828080,0.75,240
12,4,1,8,10,2,40025,4402750,0.85,110
9,6,3,5,15,2,43362,12574980,0.73,290
7,3,2,2,11,2,33968,10190400,0.83,300
3,1,1,7,24,1,45678,9135600,0.56,200
4,2,1,11,21,3,23175,5793750,0.53,250
10,1,1,7,19,2,9049,814410,0.76,90
9,3,3,6,3,1,25365,2790150,0.79,110
1,7,2,2,11,1,13843,1938020,0.61,140
2,7,3,6,1,1,35728,7145600,0.6,200
8,4,2,10,9,2,33377,9679330,0.76,290
4,5,1,7,24,1,28314,5945940,0.62,210
6,6,1,8,10,3,37643,10916470,0.75,290
12,4,3,5,15,2,27618,4971240,0.86,180
6,5,3,4,23,1,37621,1881050,0.72,50
9,3,1,8,8,3,25267,2526700,0.79,100
7,5,1,8,8,2,16592,4148000,0.75,250
11,1,1,7,19,2,49607,7937120,0.66,160
2,2,1,8,10,1,43928,5710640,0.77,130
8,2,3,6,1,1,33205,8301250,0.62,250
9,2,3,3,14,1,37183,8923920,0.62,240
7,7,3,5,15,3,8844,1503480,0.54,170
3,2,3,4,23,3,39686,7937200,0.74,200
11,4,2,2,11,1,40146,7627740,0.58,190
11,3,1,7,19,1,47036,7525760,0.9,160
11,5,3,5,18,2,37697,10932130,0.56,290
7,4,1,11,22,2,12534,1253400,0.71,100
8,1,2,1,12,3,16469,1646900,0.54,100
3,7,2,2,5,3,17306,5018740,0.84,290
9,7,3,5,18,2,15743,2833740,0.73,180
6,5,2,1,6,3,47008,8931520,0.82,190
10,7,3,4,23,1,26778,4552260,0.6,170
7,1,1,7,24,2,45702,10054440,0.85,220
11,4,1,8,10,1,35001,9450270,0.89,270
2,4,1,8,8,3,20724,5802720,0.86,280
8,5,2,10,17,2,20899,3970810,0.88,190
12,7,2,1,12,3,6354,1461420,0.88,230
9,3,2,1,12,2,47675,9058250,0.66,190
7,2,2,1,12,2,31264,2188480,0.7,70
9,5,2,10,9,3,25606,5889380,0.72,230
8,2,1,8,10,1,23432,7029600,0.8,300
10,3,3,5,15,3,46670,10734100,0.62,230
7,1,1,7,24,2,8524,1363840,0.59,160
3,7,1,8,10,3,16444,2795480,0.67,170
1,1,1,11,22,1,40979,6966430,0.59,170
7,2,2,1,6,1,7218,938340,0.9,130
12,4,2,2,11,3,20868,1878120,0.87,90
1,4,1,7,24,1,25837,2583700,0.76,100
5,4,2,10,17,3,6420,642000,0.56,100
3,7,2,10,9,3,35346,8836500,0.56,250
10,3,3,4,23,3,37169,1858450,0.74,50
4,3,1,7,19,1,45530,12748400,0.58,280
11,6,2,10,17,2,24849,2484900,0.58,100
6,3,3,3,2,3,24607,4429260,0.72,180
10,2,2,10,9,2,22460,1347600,0.67,60
2,7,1,11,21,2,17571,1932810,0.52,110
5,4,3,5,15,3,20632,5776960,0.9,280
8,6,2,2,11,1,7095,1206150,0.83,170
7,7,1,8,8,1,9612,1441800,0.79,150
2,5,1,7,19,2,23362,4205160,0.88,180
2,4,1,11,21,3,28434,7392840,0.55,260
3,1,1,7,24,2,30604,7038920,0.72,230
5,7,1,8,8,1,12383,1362130,0.9,110
8,5,1,7,24,2,46249,9249800,0.53,200
10,5,1,8,8,1,43439,3475120,0.59,80
4,6,1,11,22,3,49510,3465700,0.54,70
2,6,3,9,4,2,13052,3654560,0.58,280
8,1,2,10,9,3,28395,6530850,0.57,230
1,2,1,11,22,2,38487,7697400,0.81,200
1,6,3,6,7,1,11484,2871000,0.51,250
10,7,3,9,16,2,21146,5709420,0.7,270
7,2,2,1,12,3,19271,1348970,0.78,70
6,3,3,6,7,1,42446,3395680,0.81,80
3,6,1,11,21,1,45929,7348640,0.66,160
1,7,2,10,9,3,17022,1021320,0.52,60
7,5,1,11,21,2,30406,6081200,0.87,200
4,7,1,8,8,3,31840,3502400,0.65,110
12,5,1,8,8,1,37396,5609400,0.59,150
9,2,1,11,21,1,34475,5171250,0.71,150
6,4,1,7,19,1,19448,2528240,0.54,130
12,2,2,10,17,2,20448,5725440,0.6,280
2,3,3,9,16,3,21015,4833450,0.62,230
5,2,3,3,13,2,40905,8181000,0.57,200
7,3,3,5,18,1,14436,1443600,0.54,100
1,5,1,7,19,2,25907,7253960,0.66,280
5,7,2,1,12,3,19861,1588880,0.84,80
12,4,2,1,12,3,11839,828730,0.64,70
11,3,2,1,6,1,32418,4214340,0.71,130
4,1,2,2,5,1,45099,9019800,0.5,200
3,1,3,5,15,2,14208,3978240,0.68,280
11,4,2,10,9,3,39891,11568390,0.64,290
9,6,2,2,5,2,11286,1467180,0.88,130
8,5,1,8,10,2,31674,9502200,0.86,300
2,6,1,7,24,1,48413,8230210,0.86,170
6,5,3,9,20,3,13360,3740800,0.66,280
7,4,1,11,21,2,18488,2218560,0.59,120
11,7,3,5,15,2,10346,1862280,0.79,180
11,4,1,8,10,2,49315,9369850,0.7,190
2,3,1,11,21,2,31688,7605120,0.58,240
12,4,2,1,6,1,35804,5370600,0.71,150
4,2,1,7,24,2,9045,2442150,0.86,270
3,5,2,10,17,3,11050,1768000,0.9,160
7,6,2,2,5,2,39059,5858850,0.61,150
2,1,2,10,9,1,21955,3512800,0.87,160
2,6,3,6,3,1,36286,1814300,0.64,50
2,4,3,9,4,1,29636,7409000,0.73,250
8,5,2,10,17,3,49808,6973120,0.53,140
6,7,3,9,20,3,20135,1208100,0.85,60
11,1,2,1,12,3,5398,1403480,0.89,260
9,4,1,11,22,2,49772,6968080,0.83,140
9,3,2,10,9,3,20657,1239420,0.72,60
9,7,2,2,5,1,9556,2006760,0.81,210
8,7,1,7,19,3,24716,3707400,0.56,150
7,5,1,8,10,3,36813,9571380,0.9,260
2,4,1,11,21,1,38922,9341280,0.78,240
6,4,2,2,5,1,21700,5642000,0.76,260
11,4,2,10,9,3,30607,1530350,0.67,50
12,7,3,3,14,3,41927,8804670,0.69,210
2,2,3,3,2,3,14104,1410400,0.85,100
3,7,1,11,22,2,48694,14608200,0.53,300
12,4,1,8,10,2,41095,3698550,0.81,90
6,4,1,8,8,2,14939,2987800,0.58,200
4,5,3,9,16,1,10699,1925820,0.75,180
4,1,3,4,23,1,13044,2347920,0.56,180
6,1,1,11,22,2,10066,1912540,0.72,190
12,4,3,5,15,2,43215,10371600,0.72,240
4,4,2,10,17,3,31752,5080320,0.89,160
1,1,3,4,23,1,28077,3930780,0.66,140
10,6,2,2,5,1,38088,11045520,0.7,290
1,6,1,7,24,1,15527,1086890,0.81,70
9,4,1,7,19,2,25307,4555260,0.63,180
12,4,3,4,23,3,27087,7584360,0.75,280
6,4,1,11,21,1,30241,7257840,0.74,240
1,7,1,11,21,1,36693,2201580,0.55,60
7,4,1,7,19,1,22371,4921620,0.5,220
3,6,1,11,22,1,29212,5550280,0.54,190
5,3,2,2,11,1,41079,6161850,0.84,150
5,6,3,6,1,3,24535,4170950,0.71,170
10,3,3,4,23,3,18106,4164380,0.68,230
3,4,1,11,22,1,20599,4737770,0.57,230
2,1,2,10,17,1,19586,3721340,0.51,190
1,3,2,1,6,2,45518,10924320,0.87,240
10,3,2,2,5,2,9831,2949300,0.68,300
9,4,2,1,12,1,42842,9425240,0.62,220
6,1,2,10,9,1,31869,7648560,0.74,240
9,3,1,11,21,1,26433,4493610,0.77,170
4,3,1,7,24,3,44154,13246200,0.5,300
11,5,3,9,16,2,11072,775040,0.54,70
12,2,1,11,22,1,32012,9603600,0.68,300
3,1,3,5,15,2,45408,4086720,0.9,90
5,6,2,10,17,3,49226,6891640,0.85,140
8,1,2,2,5,2,26258,4726440,0.55,180
7,2,1,11,22,1,29472,7662720,0.58,260
2,6,1,11,22,1,45392,12255840,0.72,270
4,7,2,1,6,3,40254,10466040,0.58,260
2,3,2,2,11,2,40110,2807700,0.71,70
8,3,2,2,11,1,14684,2055760,0.81,140
9,2,2,1,12,2,29332,8506280,0.63,290
12,2,2,2,5,2,32488,9421520,0.77,290
3,7,2,1,6,1,34976,10143040,0.81,290
12,6,1,8,8,1,5301,1484280,0.89,280
10,3,1,7,24,3,36648,6230160,0.68,170
12,3,2,1,12,3,25857,4654260,0.79,180
4,4,1,8,10,2,37722,3017760,0.64,80
1,3,1,11,22,2,33638,3027420,0.68,90
3,1,3,3,14,3,41534,5814760,0.56,140
1,5,2,2,5,1,38021,4182310,0.61,110
9,2,1,11,22,2,37325,2612750,0.59,70
6,7,2,1,6,1,20952,3561840,0.79,170
9,4,2,1,12,3,45895,12850600,0.56,280
10,4,1,8,8,2,32295,6459000,0.82,200
10,6,1,11,22,1,9299,464950,0.59,50
8,5,2,1,12,1,46727,3738160,0.76,80
9,4,2,10,17,1,6482,972300,0.65,150
5,6,3,5,15,2,41555,2908850,0.83,70
9,2,3,3,13,3,18476,3879960,0.7,210
8,4,2,10,17,3,29723,8025210,0.71,270
7,4,3,9,20,1,9468,1136160,0.51,120
6,7,1,7,24,1,13888,1944320,0.69,140
4,3,3,6,3,2,7166,358300,0.77,50
3,6,2,1,6,1,19819,2180090,0.9,110
2,4,1,11,21,2,25048,3256240,0.81,130
3,3,1,8,8,3,5985,1197000,0.64,200
3,7,1,7,19,2,17951,3590200,0.57,200
12,3,3,5,18,2,44234,9731480,0.56,220
5,1,3,6,1,2,7516,1202560,0.75,160
8,3,2,10,9,1,13150,3024500,0.73,230
10,2,3,3,14,1,14646,2489820,0.77,170
3,4,2,1,6,1,35223,4578990,0.8,130
11,1,3,9,16,2,29941,2395280,0.6,80
8,1,1,7,19,2,41476,11198520,0.77,270
9,7,2,2,5,1,43727,6121780,0.72,140
9,5,3,6,1,2,17902,1611180,0.65,90
6,4,2,1,12,2,7966,1672860,0.58,210
4,4,2,2,5,2,7918,1029340,0.64,130
4,4,1,11,22,2,47144,3300080,0.79,70
12,1,3,6,3,1,24291,6558570,0.76,270
3,5,3,9,4,3,32367,9386430,0.71,290
12,3,1,7,24,2,18093,4342320,0.6,240
10,1,1,8,8,1,12917,1937550,0.75,150
11,7,2,10,9,3,36635,3663500,0.71,100
10,3,1,11,21,1,49105,7365750,0.84,150
1,4,2,2,11,2,36483,8391090,0.7,230
5,1,2,10,17,1,39080,2344800,0.66,60
5,2,1,8,8,2,17357,1041420,0.76,60
9,4,3,5,15,1,9310,2234400,0.77,240
2,2,3,9,20,1,26264,6566000,0.82,250
9,1,3,4,23,1,16306,4239560,0.65,260
2,5,2,2,5,1,34648,8662000,0.86,250
7,3,1,7,19,1,22720,6134400,0.62,270
5,6,1,7,24,2,22115,5749900,0.81,260
9,5,3,9,4,1,17475,5242500,0.66,300
11,4,2,1,12,1,19905,1592400,0.72,80
4,6,2,2,5,3,25935,3112200,0.62,120
7,4,1,7,19,3,24791,6693570,0.64,270
4,5,2,1,6,3,42503,8075570,0.55,190
5,1,1,8,8,2,22852,6627080,0.58,290
3,2,3,4,23,3,46131,5074410,0.84,110
2,3,1,8,8,2,8085,404250,0.85,50
9,5,3,5,15,1,31557,3786840,0.82,120
3,5,3,5,18,2,39353,9051190,0.51,230
10,6,1,11,21,2,22174,3104360,0.6,140
9,7,2,10,17,1,31434,5029440,0.81,160
10,1,2,2,5,3,15693,4237110,0.61,270
8,1,3,9,20,1,13144,920080,0.73,70
12,1,1,8,10,3,21823,6546900,0.55,300
2,7,1,11,21,3,42443,2546580,0.54,60
11,4,2,1,6,2,41655,7914450,0.89,190
9,6,2,2,11,1,7510,826100,0.52,110
12,3,1,8,10,1,17534,2630100,0.68,150
4,2,3,5,15,3,21644,5627440,0.64,260
11,2,2,1,12,3,42755,8123450,0.56,190
7,1,3,5,15,1,7886,1656060,0.84,210
6,4,3,4,23,3,45908,12854240,0.83,280
4,5,3,3,2,2,11441,2059380,0.5,180
7,6,2,10,17,3,8582,1630580,0.88,190
7,7,3,6,1,3,24571,4668490,0.76,190
10,5,1,8,8,2,23265,2791800,0.68,120
9,3,1,8,8,1,16048,2567680,0.55,160
4,5,1,7,19,1,11929,2027930,0.55,170
9,5,2,1,6,3,18012,2161440,0.89,120
6,7,3,4,23,1,17105,3763100,0.52,220
12,5,3,4,23,2,48239,13989310,0.55,290
6,7,2,2,11,2,35378,3184020,0.55,90
6,4,2,2,5,1,18421,4421040,0.63,240
12,6,2,1,6,3,38527,2311620,0.73,60
9,1,2,2,11,2,33938,3054420,0.72,90
9,1,2,10,9,2,36001,4320120,0.77,120
9,6,3,6,1,2,45981,7816770,0.69,170
2,7,2,10,17,2,37934,9483500,0.87,250
11,3,2,10,17,1,28857,6925680,0.54,240
8,6,2,2,5,3,39481,4342910,0.55,110
9,2,3,3,2,3,47844,5262840,0.89,110
1,6,3,4,23,1,47739,14321700,0.83,300
12,7,2,10,9,3,35535,7107000,0.84,200
12,4,3,6,3,1,28409,4545440,0.6,160
3,1,2,10,17,3,28418,1989260,0.9,70
5,5,1,7,24,2,10974,2743500,0.77,250
12,6,2,2,5,2,49542,13871760,0.61,280
12,2,2,2,11,3,13770,1101600,0.75,80
6,1,3,9,16,2,28729,3447480,0.89,120
5,3,2,1,6,1,22736,6138720,0.64,270
9,3,1,11,22,3,13352,667600,0.57,50
5,5,2,10,9,2,12389,3468920,0.61,280
9,3,3,6,3,1,33989,4418570,0.51,130
8,5,3,6,7,3,39447,8678340,0.59,220
9,3,1,7,24,3,41665,10832900,0.6,260
7,7,3,6,1,2,48935,11255050,0.75,230
4,3,3,4,23,2,31306,8452620,0.79,270
7,6,1,7,19,2,9218,1659240,0.88,180
3,7,3,9,16,1,17097,2906490,0.9,170
5,3,3,6,7,3,20719,1864710,0.65,90
9,3,3,3,14,1,12456,996480,0.8,80
5,3,2,2,11,1,36767,9559420,0.52,260
10,6,2,2,5,3,35801,3938110,0.63,110
11,5,1,7,19,2,42813,10703250,0.78,250
10,2,1,7,24,2,40882,6132300,0.62,150
1,1,3,5,15,2,11227,2582210,0.5,230
7,4,3,6,7,1,31163,6544230,0.76,210
6,2,3,4,23,1,46617,5594040,0.57,120
2,5,2,2,5,1,43543,10014890,0.58,230
6,7,2,2,11,1,14871,3717750,0.76,250
12,2,2,10,9,2,49189,14264810,0.61,290
4,3,1,11,22,2,37179,5948640,0.63,160
8,5,3,3,2,3,21319,5116560,0.77,240
8,4,2,1,6,2,18855,3205350,0.59,170
9,5,1,8,8,2,35777,7513170,0.87,210
10,4,3,6,1,2,48761,6826540,0.86,140
1,4,2,2,11,3,33330,4332900,0.58,130
8,6,1,11,22,3,38300,8043000,0.77,210
5,7,3,3,14,1,40333,3226640,0.7,80
9,3,3,6,1,1,19589,3721910,0.74,190
1,4,1,7,19,2,29713,3862690,0.61,130
8,6,3,3,14,1,25822,1549320,0.83,60
5,1,2,10,9,2,47868,12924360,0.68,270
2,7,2,2,11,3,14342,4302600,0.55,300
10,3,1,7,19,1,47459,8542620,0.72,180
2,4,3,6,1,3,33324,5665080,0.85,170
12,1,1,11,22,2,48156,4815600,0.77,100
11,6,1,7,19,1,9668,773440,0.5,80
9,3,3,4,23,2,46497,13019160,0.55,280
5,4,2,2,11,1,40023,4402530,0.72,110
11,6,1,8,10,2,20895,5014800,0.71,240
1,3,1,7,19,3,38015,11404500,0.88,300
1,6,2,2,11,3,45608,11402000,0.61,250
6,7,2,10,9,3,6685,2005500,0.52,300
10,2,3,9,16,2,27118,7864220,0.72,290
6,3,3,3,13,3,15574,2803320,0.63,180
11,7,1,8,8,1,34614,4153680,0.89,120
7,5,1,7,19,1,19804,3366680,0.64,170
2,1,3,5,18,2,26040,7291200,0.56,280
2,2,1,8,8,1,25668,3080160,0.73,120
2,5,2,1,6,1,16912,4904480,0.63,290
6,2,1,7,19,3,20702,4347420,0.64,210
9,3,1,7,19,1,48498,4849800,0.71,100
11,7,1,8,10,2,20355,2239050,0.7,110
7,3,1,7,19,1,35570,2845600,0.53,80
2,3,2,1,6,2,29655,5931000,0.9,200
2,6,3,6,7,1,27263,8178900,0.52,300
4,1,3,4,23,2,29642,8892600,0.83,300
3,1,3,4,23,2,24934,3490760,0.5,140
8,1,3,6,1,2,20762,3944780,0.59,190
10,2,1,8,10,1,15167,4550100,0.85,300
3,5,1,7,24,2,33184,1659200,0.78,50
2,6,3,9,20,3,6983,698300,0.62,100
2,2,2,1,6,1,13199,1583880,0.81,120
3,6,1,7,24,2,13667,1230030,0.84,90
11,5,1,11,22,2,14576,3060960,0.81,210
5,2,2,2,5,2,41984,12175360,0.63,290
12,2,3,9,16,3,46870,5155700,0.66,110
5,7,1,7,24,3,13242,2648400,0.89,200
10,6,2,10,17,2,25199,3275870,0.52,130
11,6,3,4,23,1,49867,11968080,0.66,240
1,3,2,2,11,3,34759,7299390,0.56,210
8,7,1,8,8,2,12203,2440600,0.66,200
5,7,3,3,2,1,34267,4112040,0.54,120
6,2,1,8,8,3,9759,1854210,0.63,190
1,6,1,7,24,3,39351,6689670,0.7,170
6,4,2,2,11,3,13901,2085150,0.89,150
9,6,3,9,20,2,18569,1485520,0.52,80
12,1,1,11,22,1,14998,3149580,0.59,210
4,6,3,5,18,2,7276,800360,0.87,110
7,1,2,1,12,1,49315,9369850,0.5,190
4,6,2,10,9,1,29270,3219700,0.64,110
7,1,1,11,22,1,34623,2769840,0.74,80
4,5,1,7,19,2,31758,5716440,0.54,180
3,6,3,3,14,1,20902,3135300,0.7,150
6,4,3,4,23,3,28438,8247020,0.61,290
10,4,1,11,21,1,42709,3843810,0.55,90
2,3,2,1,6,3,15141,3633840,0.72,240
5,4,2,10,17,2,31908,6381600,0.62,200
10,7,2,10,9,1,23709,6875610,0.76,290
11,7,2,10,17,1,27222,7894380,0.88,290
11,5,2,1,12,1,32047,7370810,0.76,230
2,2,2,1,6,2,47887,6704180,0.85,140
6,3,3,5,15,3,47260,8034200,0.5,170
3,5,3,9,20,1,23185,4405150,0.84,190
5,6,1,7,19,3,37706,9803560,0.9,260
8,2,3,3,13,1,48951,5384610,0.74,110
10,6,1,8,10,3,40620,11779800,0.52,290
9,3,2,1,12,1,31498,5669640,0.74,180
6,3,1,8,10,1,38295,8807850,0.88,230
5,4,3,5,18,1,26582,6911320,0.8,260
11,7,3,3,2,3,25327,5571940,0.73,220
9,5,1,11,21,3,11159,1004310,0.9,90
9,3,3,3,13,1,29145,7286250,0.87,250
5,6,1,11,22,3,10849,1301880,0.85,120
3,1,2,10,9,2,23576,3064880,0.78,130
1,1,2,2,5,1,17353,3644130,0.72,210
11,6,1,7,24,3,34752,9730560,0.64,280
6,5,2,10,9,1,31632,9173280,0.56,290
4,2,3,5,15,2,18543,2966880,0.67,160
3,2,2,1,12,2,18869,5660700,0.6,300
5,2,3,6,1,3,30306,6061200,0.57,200
12,6,1,7,24,2,38275,8803250,0.66,230
11,1,3,9,16,2,21022,1681760,0.51,80
10,1,1,8,8,1,23527,6352290,0.67,270
12,1,2,2,5,2,28350,7654500,0.63,270
10,6,2,2,11,3,48978,8326260,0.73,170
12,2,3,3,14,3,44791,3135370,0.66,70
5,1,2,10,17,3,11269,1915730,0.68,170
7,5,2,10,17,3,17245,4828600,0.51,280
8,6,1,11,21,3,26006,1300300,0.79,50
5,7,2,2,11,3,46989,10807470,0.59,230
10,1,1,8,10,1,42409,4240900,0.77,100
2,3,1,7,24,3,30036,6607920,0.71,220
2,6,1,8,8,1,38877,3498930,0.59,90
10,3,2,2,5,3,38457,2307420,0.53,60
7,2,3,9,4,1,48598,2915880,0.77,60
1,7,2,1,12,3,17458,2793280,0.76,160
2,5,3,3,14,2,9210,2394600,0.86,260
6,5,3,9,4,1,43304,6928640,0.64,160
1,2,2,2,11,3,11470,1032300,0.59,90
8,5,3,6,3,2,12727,3054480,0.73,240
1,7,3,6,3,3,40727,8145400,0.84,200
5,1,3,9,16,3,18093,1266510,0.66,70
1,5,1,7,19,2,35894,8614560,0.56,240
3,3,3,4,23,3,28663,2866300,0.82,100
12,6,3,4,23,2,25039,5758970,0.85,230
3,6,2,2,5,2,26249,7349720,0.55,280
11,1,3,6,3,2,20526,5336760,0.55,260
1,3,1,8,8,3,16756,1172920,0.56,70
3,7,3,4,23,2,7882,1970500,0.59,250
1,2,1,7,19,1,36582,9511320,0.81,260
5,1,1,7,24,3,48177,14453100,0.53,300
8,4,3,5,15,1,46338,6950700,0.64,150
1,4,3,3,13,2,47343,11835750,0.87,250
7,5,1,8,8,3,12945,3106800,0.66,240
10,2,2,2,5,1,5248,1574400,0.73,300
2,2,3,3,2,3,11691,1169100,0.51,100
7,2,3,3,2,2,6668,866840,0.74,130
8,1,2,10,9,3,46693,12140180,0.59,260
5,5,3,6,7,3,44299,11960730,0.87,270
9,5,3,6,1,2,20109,1005450,0.74,50
9,7,1,11,21,1,16258,1300640,0.6,80
6,7,1,7,24,3,47663,2859780,0.71,60
8,6,3,9,4,1,37890,10988100,0.62,290
2,6,2,2,11,3,46554,6983100,0.77,150
3,1,1,11,21,2,21235,4671700,0.87,220
3,4,2,1,6,2,44806,9409260,0.76,210
8,6,2,1,12,3,45238,5880940,0.75,130
2,6,2,10,17,3,16435,3451350,0.74,210
11,2,3,9,4,2,13131,1313100,0.66,100
5,1,2,10,17,3,28331,4249650,0.82,150
3,6,1,7,24,2,46070,13821000,0.79,300
2,6,3,9,20,1,28383,5392770,0.62,190
10,5,2,1,6,1,43425,8685000,0.6,200
12,6,1,11,22,2,26534,5306800,0.73,200
4,2,2,2,11,1,22560,2256000,0.83,100
7,7,1,7,24,3,36096,6136320,0.5,170
3,1,1,7,24,3,34400,2408000,0.62,70
7,4,3,5,15,1,32558,5209280,0.82,160
11,2,1,11,22,1,13551,813060,0.61,60
5,1,3,4,23,1,46947,2347350,0.84,50
9,7,1,7,19,2,14191,993370,0.85,70
3,3,1,8,8,1,13384,3747520,0.5,280
7,5,1,7,24,3,30645,5516100,0.75,180
9,1,2,1,6,1,13249,2914780,0.78,220
2,4,2,1,12,2,46496,3719680,0.75,80
1,3,3,9,16,3,24043,1923440,0.64,80
1,3,2,2,5,2,28958,6660340,0.51,230
2,1,3,9,20,3,31946,1916760,0.87,60
10,5,2,2,11,1,46000,11960000,0.88,260
6,6,2,1,12,1,28707,4018980,0.6,140
6,4,3,3,14,2,33490,2344300,0.8,70
5,2,2,10,9,2,47752,8595360,0.54,180
4,7,3,9,16,3,36810,11043000,0.78,300
7,1,1,8,10,1,24373,3655950,0.84,150
6,6,1,8,10,3,16136,4840800,0.71,300
10,2,3,6,3,3,29114,1746840,0.58,60
7,1,3,5,18,3,48966,10282860,0.51,210
8,1,1,11,21,2,13477,673850,0.62,50
6,1,2,1,6,2,39529,7510510,0.58,190
3,3,1,8,10,3,48818,8787240,0.9,180
10,1,3,3,2,2,48698,5843760,0.88,120
7,4,2,2,5,1,16921,3553410,0.65,210
12,7,2,10,9,3,43906,9220260,0.5,210
8,2,1,7,24,2,35554,2133240,0.9,60
10,3,2,2,5,1,10701,2033190,0.65,190
4,5,2,2,5,3,36747,5879520,0.56,160
4,4,1,7,19,2,31764,5082240,0.74,160
2,7,3,6,1,1,39777,11137560,0.72,280
10,3,1,7,19,3,15851,2219140,0.79,140
6,3,1,7,24,1,40981,4098100,0.76,100
1,1,1,7,24,2,43842,11837340,0.62,270
6,3,1,7,24,3,23621,7086300,0.68,300
12,2,2,1,12,2,26797,8039100,0.55,300
7,2,3,5,18,2,21874,5905980,0.84,270
3,2,1,11,21,2,30887,8339490,0.72,270
6,1,1,11,22,3,46707,7006050,0.61,150
5,3,2,1,12,2,43332,6499800,0.52,150
8,6,3,9,16,1,17385,869250,0.87,50
4,1,1,8,10,1,23160,5326800,0.73,230
5,4,1,8,8,1,24495,1714650,0.53,70
6,2,1,7,19,3,48710,13151700,0.77,270
2,1,2,10,9,3,21620,3026800,0.75,140
6,4,1,7,19,3,14102,1410200,0.88,100
10,2,2,10,17,2,48555,4369950,0.61,90
5,1,2,2,11,1,40117,2407020,0.66,60
12,3,3,4,23,2,43220,11669400,0.82,270
4,1,1,8,8,3,35933,8623920,0.62,240
10,5,1,8,8,3,18365,2571100,0.69,140
12,7,2,2,11,3,34732,6599080,0.84,190
12,5,3,4,23,1,48785,3902800,0.75,80
11,1,3,4,23,1,14199,3265770,0.72,230
9,5,2,10,17,3,45125,6768750,0.53,150
9,4,1,11,21,3,32020,8325200,0.62,260
8,4,2,10,17,2,48701,7792160,0.55,160
6,3,3,6,1,2,7535,2185150,0.52,290
2,1,3,3,14,3,37161,5202540,0.68,140
5,5,1,7,24,3,42278,2536680,0.62,60
6,4,2,10,17,1,33002,2970180,0.55,90
4,4,2,10,9,3,42179,6748640,0.73,160
10,6,3,6,7,3,5918,591800,0.69,100
10,4,2,10,9,2,25544,5619680,0.72,220
8,1,1,11,22,1,32897,3947640,0.65,120
6,7,1,11,22,2,19823,2775220,0.75,140
8,4,1,8,10,1,44803,2688180,0.89,60
5,6,2,2,5,1,19094,4200680,0.62,220
1,2,1,7,19,1,10815,2703750,0.76,250
2,5,3,5,15,1,32822,7877280,0.55,240
8,2,2,10,9,3,7360,1766400,0.7,240
3,6,2,2,11,1,41855,5022600,0.71,120
5,6,2,1,12,2,45270,9959400,0.68,220
12,3,3,5,15,2,6196,867440,0.82,140
5,1,1,11,21,3,35066,4558580,0.77,130
4,6,1,11,21,2,19979,2996850,0.67,150
2,7,3,3,13,2,20775,3324000,0.54,160
6,1,2,1,6,3,38431,3843100,0.74,100
12,4,2,1,6,3,45317,5438040,0.9,120
10,3,3,6,1,3,32471,7468330,0.87,230
9,1,3,5,15,3,44300,6202000,0.71,140
9,4,2,10,17,3,20419,6125700,0.54,300
3,6,1,7,24,3,49035,4903500,0.75,100
6,1,2,2,11,2,28120,7873600,0.77,280
9,3,2,10,17,2,45500,6370000,0.6,140
9,2,1,7,24,1,43225,2593500,0.81,60
3,2,3,5,15,1,32814,4922100,0.53,150
6,2,1,7,19,1,19807,4357540,0.73,220
5,3,3,5,15,3,8861,974710,0.73,110
7,2,1,8,10,3,7001,700100,0.9,100
7,5,3,4,23,2,36808,10306240,0.74,280
11,2,2,1,6,1,16821,1513890,0.77,90
4,3,3,3,2,3,45686,10507780,0.56,230
12,5,1,7,19,3,35978,9714060,0.8,270
12,4,2,10,17,3,11499,1149900,0.71,100
12,5,2,2,11,1,39321,10223460,0.58,260
12,1,2,2,5,3,8529,767610,0.65,90
6,6,2,1,6,3,40467,6070050,0.78,150
3,3,2,2,11,2,20751,3527670,0.63,170
11,3,3,6,1,1,6167,1788430,0.8,290
3,6,2,2,5,2,26012,3641680,0.54,140
12,5,3,3,14,3,33549,4025880,0.73,120
11,5,1,7,24,3,24397,5611310,0.62,230
9,1,3,5,18,1,24032,6969280,0.77,290
9,3,1,7,19,3,31506,3465660,0.89,110
6,2,2,2,5,1,5204,1092840,0.86,210
5,1,3,3,14,1,32810,9186800,0.61,280
12,3,3,5,15,2,13935,2508300,0.8,180
10,7,1,11,21,1,11789,1178900,0.65,100
8,6,2,2,11,3,32930,7573900,0.65,230
2,6,2,1,6,2,30908,1545400,0.7,50
4,4,1,8,8,2,34547,9327690,0.61,270
6,5,2,2,11,2,21383,4918090,0.6,230
11,7,1,11,22,1,37241,7820610,0.73,210
7,6,3,6,1,2,42093,5472090,0.53,130
11,1,1,11,21,2,14181,3687060,0.64,260
5,1,2,1,6,1,39209,5881350,0.79,150
5,2,2,1,12,3,47189,10381580,0.66,220
12,4,2,1,12,3,13576,2579440,0.7,190
6,4,1,7,19,1,12056,2411200,0.55,200
1,3,2,2,5,2,8922,2230500,0.61,250
9,5,2,10,9,2,9146,2560880,0.58,280
6,7,1,11,22,3,15815,1107050,0.71,70
2,3,2,1,6,3,48062,3364340,0.79,70
7,1,3,5,18,2,39446,10255960,0.73,260
9,5,3,4,23,2,43743,11810610,0.62,270
7,5,3,4,23,3,49214,5905680,0.87,120
9,1,2,1,12,1,13429,671450,0.57,50
3,4,3,3,2,1,34185,6495150,0.81,190
8,1,2,10,17,1,45111,12631080,0.89,280
4,2,3,3,14,2,23633,3072290,0.59,130
9,6,2,2,5,2,8166,2123160,0.5,260
12,1,1,7,24,2,40694,11801260,0.68,290
1,6,2,1,6,3,42040,2942800,0.79,70
7,4,2,10,17,3,39083,10943240,0.76,280
12,6,1,7,24,3,20586,1029300,0.78,50
11,6,1,7,24,1,21072,1685760,0.89,80
8,4,2,1,12,1,27074,5414800,0.86,200
8,5,1,7,19,1,27739,1664340,0.5,60
6,4,3,3,13,2,19144,3828800,0.71,200
4,1,2,1,6,1,23104,5082880,0.85,220
2,2,2,10,9,1,26136,4443120,0.78,170
6,5,1,7,24,1,31376,7844000,0.54,250
5,4,1,7,24,2,15046,3761500,0.88,250
2,2,1,11,22,3,8137,2115620,0.59,260
8,1,3,5,15,3,21248,5099520,0.53,240
3,6,1,11,21,3,7242,506940,0.6,70
10,2,2,10,9,3,9312,1862400,0.6,200
6,7,3,6,7,2,47243,3307010,0.87,70
7,6,1,8,10,3,27633,1934310,0.63,70
4,7,2,1,12,3,40542,4865040,0.55,120
11,1,3,4,23,1,22761,6828300,0.74,300
12,5,2,2,5,2,41202,2060100,0.89,50
8,4,2,10,17,1,19369,5423320,0.64,280
12,1,1,11,21,1,28738,1436900,0.88,50
4,5,2,10,9,3,9244,1848800,0.7,200
7,6,1,7,24,3,15989,2558240,0.61,160
6,5,3,5,15,1,23927,2153430,0.54,90
4,5,2,1,12,3,18952,3411360,0.78,180
12,3,3,5,18,1,6270,313500,0.67,50
3,4,3,4,23,2,29651,5337180,0.66,180
10,7,1,8,8,2,10017,1001700,0.88,100
9,5,1,11,21,3,42516,8928360,0.78,210
10,4,2,1,12,2,9870,987000,0.82,100
7,2,2,10,17,2,14668,2640240,0.88,180
8,5,3,5,18,3,15078,2261700,0.74,150
5,6,2,10,9,3,26242,1312100,0.52,50
12,5,3,4,23,2,18133,5077240,0.68,280
